{"cameraMode":{"drawMode":0,"name":"Shaded","section":"Shading Mode"},"sceneLighting":false,"audioPlay":false,"sceneViewState":{"showFog":true,"showMaterialUpdate":true,"showSkybox":false,"showFlares":true,"showImageEffects":true,"showParticleSystems":true},"in2DMode":false,"pivot":{"x":0.0,"y":3.5295419692993166,"z":0.10000000149011612},"rotation":{"x":-0.20941312611103059,"y":-0.12371071428060532,"z":0.026742802932858468,"w":-0.9696247577667236},"size":0.4770755469799042,"orthographic":false}