{"cameraMode":{"drawMode":0,"name":"Shaded","section":"Shading Mode"},"sceneLighting":true,"audioPlay":false,"sceneViewState":{"showFog":true,"showMaterialUpdate":true,"showSkybox":true,"showFlares":true,"showImageEffects":true,"showParticleSystems":true},"in2DMode":false,"pivot":{"x":358.70001220703127,"y":55.118690490722659,"z":216.1999969482422},"rotation":{"x":0.08691035211086273,"y":-0.0045219301246106628,"z":-0.0003651209408417344,"w":0.9963073134422302},"size":128.14022827148438,"orthographic":false}